Workbook

Sheet Gap Register
A1: # | B1: Area | C1: Flag | E1: Severity | F1: Solution | G1: Sprint
A2: 1 | B2: Edge & TLS | C2: PRD has no WAF / Cloud Armor / rate-limit policy | D2: Required | E2: H — High | F2: Attach a Cloud Armor SecurityPolicy to the Gateway via GCPBackendPolicy. Start with OWASP preconfigured rule sets (xss-stable, sqli-stable) in preview for 1-2 weeks, then enforce. Add per-IP rate-limit (e.g. 600 req/min). | G2: Sprint 2
A3: 2 | B3: Edge & TLS | C3: cert-manager uses HTTP-01 only — no wildcard certs; LE rate-limit risk per tenant | D3: Required | E3: H — High | F3: Add a dns01 solver against Cloud DNS using a dedicated GSA bound via Workload Identity to the cert-manager SA. Issue one wildcard *.crego.app per env. Keep http01 as fallback. | G3: Sprint 1
A4: 3 | B4: Edge & TLS | C4: NGINX ingress not in GitOps (replicas/version unpinned, default = 1 replica) | D4: Required | E4: H — High | F4: Create addons/{env}/nginx-ingress/ ArgoCD Application pointing at chart ingress-nginx with pinned chart version, controller.replicaCount: 2, PDB minAvailable:1, explicit resources.requests, topologySpreadConstraints across zones. Remove the helm install step from bootstrap-gcp.sh. | G4: Sprint 1
A5: 4 | B5: App tier | C5: PRD kustomization overrides replicas: 1 for every Deployment, defeating HPA | D5: Required | E5: C — Critical | F5: Delete replicas patches in overlays/prod-gcp/kustomization.yaml. Set spec.replicas >= 2 in base Deployment so HPA minReplicas: 2 is the floor. Add replicas to ignoreDifferences in the ArgoCD Application so HPA changes do not reconcile-thrash. | G5: Day-0
A6: 5 | B6: App tier | C6: omni-web / flow-web / flower have no HPA | D6: Required | E6: M — Medium | F6: Add HPAs (CPU 70%, min 2, max 4) for the web Deployments. Flower can stay at replicas:1 but needs auth (see #7). | G6: Backlog
A7: 6 | B7: App tier | C7: omni-celery-beat singleton: no PDB, no leader-election | D7: Required | E7: H — High | F7: Set spec.replicas: 1 + strategy.type: Recreate to avoid double-beat overlap; add PodDisruptionBudget minAvailable:0 / maxUnavailable:1 so it can drain. Long-term: switch to celery-beat with RedBeatScheduler (Redis lock) and run replicas: 2. | G7: Backlog
A8: 7 | B8: App tier | C8: Flower exposed without ingress auth annotation in repo | D8: Already there docker file of flower | E8: H — High | F8: Add nginx ingress annotation nginx.ingress.kubernetes.io/auth-type: basic + auth-secret referencing an ESO-synced htpasswd, OR front it with IAP. Deny external access entirely in PRD (internal-only). | G8: Backlog
A9: 8 | B9: Identity / RBAC / Pod security | C9: Shared K8s Role app-reader grants secrets+configmaps+pods to 7 SAs | D9: Required | E9: H — High | F9: Split into per-app Roles. Drop the secrets verb where the app reads its env from the ESO-projected app-env Secret (mounted, not API-fetched). Keep configmaps only where actually needed. | G9: Sprint 1
A10: 9 | B10: Identity / RBAC / Pod security | C10: ArgoCD prod-project allows sourceRepos: ['*'] | D10: Required | E10: C — Critical | F10: In cluster/bootstrap/app-projects.yaml set sourceRepos to ['https://github.com/crego-tech/crego-infra.git'] and destinations to the prod cluster + namespace only. Same hardening for clusterResourceWhitelist / namespaceResourceWhitelist. | G10: Day-0
A11: 10 | B11: Identity / RBAC / Pod security | C11: No Pod Security Admission labels on namespaces | D11: Required | E11: H — High | F11: Label namespaces: pod-security.kubernetes.io/enforce=baseline, audit=restricted, warn=restricted for DEV/QA/PRE; enforce=restricted for PRD. Add to base/{env}/namespace.yaml. | G11: Sprint 2
A12: 11 | B12: Identity / RBAC / Pod security | C12: readOnlyRootFilesystem: false on api/web/worker | D12: TBD | E12: H — High | F12: Set securityContext.readOnlyRootFilesystem: true on every app container; add emptyDir volumes for /tmp, /var/run, plus Django/Python XDG_CACHE_HOME. Roll out env-by-env (DEV -> PRE -> PRD). | G12: Sprint 1
A13: 12 | B13: Network policy | C13: Egress 0.0.0.0/0 still open (no DNS/HTTPS-only filter) | D13: TBD | E13: H — High | F13: Replace with: allow kube-dns UDP/TCP 53; allow 443/tcp to resolved CIDRs of GSM, Cloud SQL private range, Sentry, license endpoint, S3/GCS for backups. Use egress rules with to.ipBlock and document the allow-list in base/networkpolicy.yaml comments. | G13: Sprint 3
A14: 13 | B14: Network policy | C14: No NPs on kube-system / argocd / keda-system / external-secrets | D14: TBD | E14: H — High | F14: Add a default-deny-all NP per system namespace, then explicit allows: ArgoCD <-> git/Helm/cluster API, KEDA <-> K8s API + RabbitMQ, ESO <-> GSM (private Google access), kube-system <-> cluster CIDR. | G14: Sprint 3
A15: 14 | B15: Secrets pipeline | C15: No secret rotation policy | E15: H — High | F15: Enable GSM secret versioning + a Cloud Scheduler job that rotates DB password / JWT signing key monthly via a small Cloud Run handler. ESO refreshInterval: 1h with creationPolicy: Owner picks it up. Document rotation cadence in docs/runbooks/secret-rotation.md. | G15: Sprint 2
A16: 15 | B16: Secrets pipeline | C16: No CMEK on GSM / PD-SSD / Cloud SQL | E16: H — High | F16: Provision regional KMS keyring crego-{env}-keyring with key app-key. In Terraform: google_secret_manager_secret.encryption_config.kms_key_name, google_compute_disk.kms_key_self_link, google_sql_database_instance.encryption_key_name. | G16: Sprint 2
A17: 16 | B17: Secrets pipeline | C17: argocd-repo-secret.yaml has placeholder PAT in repo (likely real value previously committed) | E17: C — Critical | F17: Delete the file. Recreate the repo Secret in-cluster via ESO sourcing from a GSM key argocd-github-pat (sealed at bootstrap). Move to a deploy-key per env if possible (read-only, repo-scoped). ROTATE THE PAT NOW since the placeholder implies a real value was committed earlier. | G17: Day-0
A18: 17 | B18: Resilience (cluster-wide) | C18: Zero PodDisruptionBudgets defined anywhere | E18: C — Critical | F18: Generate one PDB per Deployment via a Kustomize component. minAvailable:1 for any Deployment with replicas >= 2; maxUnavailable:1 for singletons that tolerate brief downtime. | G18: Day-0
A19: 18 | B19: Resilience (cluster-wide) | C19: No podAntiAffinity / topologySpreadConstraints | E19: C — Critical | F19: Add to base Deployment template: topologySpreadConstraints with maxSkew:1, topologyKey:topology.kubernetes.io/zone, whenUnsatisfiable:ScheduleAnyway. Plus podAntiAffinity preferredDuringSchedulingIgnoredDuringExecution on app.kubernetes.io/name. | G19: Sprint 1
A20: 19 | B20: Resilience (cluster-wide) | C20: No startup probes | E20: M — Medium | F20: Add startupProbe (httpGet /health, failureThreshold:30, periodSeconds:5) to api/web. Lets you keep aggressive livenessProbe without false kills on slow Django boot. | G20: Backlog
A21: 20 | B21: Resilience (cluster-wide) | C21: Memory request << limit (omni-api 2Gi/4Gi) — OOM contention risk | E21: M — Medium | F21: Set requests.memory == limits.memory (Guaranteed QoS). Pick the steady-state P99 from a 2-week baseline once Prometheus is in (#29). | G21: Backlog
A22: 21 | B22: Resilience (cluster-wide) | C22: Image tags mutable (short-SHA, no digest pinning) | E22: H — High | F22: Update scripts/bump-image.sh to resolve and write image: registry/x@sha256:... digests, not tags. Enforce via a Kyverno verifyImages policy referencing a Cosign public key. | G22: Sprint 2
A23: 22 | B23: Data tier | C23: In-cluster Postgres/Redis/Mongo: single replica, no backup CronJob, StorageClass=standard | E23: H — High | F23: DEV is fine. For QA/PRE: switch StorageClass to pd-balanced, add a CronJob running pg_dump/mongodump to a GCS bucket nightly with 14-day retention; also enable VolumeSnapshotClass + a daily VolumeSnapshot. | G23: Sprint 2
A24: 23 | B24: Data tier | C24: PRE diverges from PRD (uses local DBs) — promotion can surprise | E24: H — High | F24: Provision Cloud SQL + Memorystore for PRE via Terraform (smaller tier). Toggle USE_EXTERNAL_POSTGRESQL=true in PRE overlay. PRE must mirror PRD topology to be useful as a release gate. | G24: Sprint 2
A25: 24 | B25: Data tier | C25: RabbitMQ in-cluster in PRD — single replica, no HA, no backup | E25: C — Critical | F25: Either (a) deploy RabbitMQ Cluster Operator with 3 replicas + persistent quorum queues + PDB minAvailable:2, or (b) migrate to Cloud Pub/Sub or AmazonMQ-equivalent. (a) is the lower-risk move. | G25: Sprint 1
A26: 25 | B26: Addons (PRD gap) | C26: PRD missing cert-manager / external-dns / KEDA / monitoring stack (addons/prod-gcp/ has only external-secrets) | E26: C — Critical | F26: Confirm whether genuinely absent or installed out-of-band. If absent: copy addons/preprod-gcp/{cert-manager,external-dns,keda} to addons/prod-gcp/ and add ArgoCD Applications. PRD cannot autoscale workers without KEDA, cannot auto-issue certs, and any DNS change is manual. | G26: Day-0
... A53: 52 | B53: Terraform / IaC | C53: IAM bindings for ESO / external-dns / KEDA done in bash, not Terraform; WI bindings created post-hoc by fix-external-secrets-auth.sh | E53: M — Medium | F53: Move every gcloud iam service-accounts add-iam-policy-binding call into the relevant Terraform module (google_service_account_iam_member). The fix- script's existence is itself the bug. | G53: Backlog

Sheet Summary
A1: Crego Infra — Gap Register Summary
A3: By Severity
A4: Severity | B4: Count
A5: C — Critical | B5: =COUNTIF('Gap Register'!E:E,"C — Critical") -> 13
A6: H — High | B6: =COUNTIF('Gap Register'!E:E,"H — High") -> 30
A7: M — Medium | B7: =COUNTIF('Gap Register'!E:E,"M — Medium") -> 8
A8: L — Low | B8: =COUNTIF('Gap Register'!E:E,"L — Low") -> 1
A9: Total | B9: =SUM(B5:B8) -> 52
A12: By Sprint
A13: Sprint | B13: Count
A14: Day-0 | B14: =COUNTIF('Gap Register'!G:G,"Day-0") -> 6
A15: Sprint 1 | B15: =COUNTIF('Gap Register'!G:G,"Sprint 1") -> 13
A16: Sprint 2 | B16: =COUNTIF('Gap Register'!G:G,"Sprint 2") -> 15
A17: Sprint 3 | B17: =COUNTIF('Gap Register'!G:G,"Sprint 3") -> 7
A18: Backlog | B18: =COUNTIF('Gap Register'!G:G,"Backlog") -> 11
A19: Total | B19: =SUM(B14:B18) -> 52
A22: By Area
A23: Area | B23: Count
A24: Edge & TLS | B24: =COUNTIF('Gap Register'!B:B,"Edge & TLS") -> 3
A25: App tier | B25: =COUNTIF('Gap Register'!B:B,"App tier") -> 4
A26: Identity / RBAC / Pod security | B26: =COUNTIF('Gap Register'!B:B,"Identity / RBAC / Pod security") -> 4
A27: Network policy | B27: =COUNTIF('Gap Register'!B:B,"Network policy") -> 2
A28: Secrets pipeline | B28: =COUNTIF('Gap Register'!B:B,"Secrets pipeline") -> 3
A29: Resilience (cluster-wide) | B29: =COUNTIF('Gap Register'!B:B,"Resilience (cluster-wide)") -> 5
A30: Data tier | B30: =COUNTIF('Gap Register'!B:B,"Data tier") -> 3
A31: Addons (PRD gap) | B31: =COUNTIF('Gap Register'!B:B,"Addons (PRD gap)") -> 1
A32: GitOps (ArgoCD) | B32: =COUNTIF('Gap Register'!B:B,"GitOps (ArgoCD)") -> 2
A33: Observability | B33: =COUNTIF('Gap Register'!B:B,"Observability") -> 7
A34: CI / CD | B34: =COUNTIF('Gap Register'!B:B,"CI / CD") -> 7
A35: Cluster platform / GKE | B35: =COUNTIF('Gap Register'!B:B,"Cluster platform / GKE") -> 6
A36: Terraform / IaC | B36: =COUNTIF('Gap Register'!B:B,"Terraform / IaC") -> 5
A37: Total | B37: =SUM(B24:B36) -> 52

Sheet Legend
A1: Legend
A3: Severity
A4: Code | B4: Meaning | C4: Action timing
A5: C — Critical | B5: Block deployments / audit failure | C5: Immediate (Day-0)
A6: H — High | B6: Significant security or reliability gap | C6: Within current quarter
A7: M — Medium | B7: Hardening / hygiene improvement | C7: Backlog, time-bound
A8: L — Low | B8: Nice-to-have / housekeeping | C8: When touching the area
A11: Sprint
A12: Sprint | B12: Description
A13: Day-0 | B13: Stop-the-bleeding — fix before next deploy
A14: Sprint 1 | B14: First 2-week sprint — visible compliance + reliability wins
A15: Sprint 2 | B15: Second sprint — hardening, scanning, observability depth
A16: Sprint 3 | B16: Third sprint — DR, multi-region, IaC parity
A17: Backlog | B17: Time-permitting hygiene; revisit each quarter
A20: Acronyms
A21: Acronym | B21: Meaning
A22: HPA | B22: Horizontal Pod Autoscaler
A23: KEDA | B23: Kubernetes Event-Driven Autoscaling
A24: PDB | B24: Pod Disruption Budget
A25: PSA | B25: Pod Security Admission
A26: WI | B26: Workload Identity
A27: GSA | B27: Google Service Account
A28: KSA | B28: Kubernetes Service Account
A29: ESO | B29: External Secrets Operator
A30: GSM | B30: Google Secret Manager
A31: NEG | B31: Network Endpoint Group
A32: NP | B32: Network Policy
... A47: LE | B47: Let's Encrypt
